<?xml version="1.0" encoding="UTF-8"?>
<GenRun Id="impl_1" LaunchPart="xc7s100fgga676-2" LaunchTime="1684058930">
  <File Type="BITSTR-BMM" Name="ALU_VHDL_bd.bmm"/>
  <File Type="OPT-METHODOLOGY-DRC" Name="ALU_VHDL_methodology_drc_opted.rpt"/>
  <File Type="INIT-TIMING" Name="ALU_VHDL_timing_summary_init.rpt"/>
  <File Type="ROUTE-PWR" Name="ALU_VHDL_power_routed.rpt"/>
  <File Type="PA-TCL" Name="ALU_VHDL.tcl"/>
  <File Type="OPT-TIMING" Name="ALU_VHDL_timing_summary_opted.rpt"/>
  <File Type="OPT-DCP" Name="ALU_VHDL_opt.dcp"/>
  <File Type="ROUTE-PWR-SUM" Name="ALU_VHDL_power_summary_routed.pb"/>
  <File Type="REPORTS-TCL" Name="ALU_VHDL_reports.tcl"/>
  <File Type="OPT-DRC" Name="ALU_VHDL_drc_opted.rpt"/>
  <File Type="OPT-HWDEF" Name="ALU_VHDL.hwdef"/>
  <File Type="PWROPT-DCP" Name="ALU_VHDL_pwropt.dcp"/>
  <File Type="PWROPT-DRC" Name="ALU_VHDL_drc_pwropted.rpt"/>
  <File Type="PWROPT-TIMING" Name="ALU_VHDL_timing_summary_pwropted.rpt"/>
  <File Type="PLACE-DCP" Name="ALU_VHDL_placed.dcp"/>
  <File Type="PLACE-IO" Name="ALU_VHDL_io_placed.rpt"/>
  <File Type="PLACE-CLK" Name="ALU_VHDL_clock_utilization_placed.rpt"/>
  <File Type="PLACE-UTIL" Name="ALU_VHDL_utilization_placed.rpt"/>
  <File Type="PLACE-UTIL-PB" Name="ALU_VHDL_utilization_placed.pb"/>
  <File Type="PLACE-CTRL" Name="ALU_VHDL_control_sets_placed.rpt"/>
  <File Type="PLACE-SIMILARITY" Name="ALU_VHDL_incremental_reuse_placed.rpt"/>
  <File Type="PLACE-PRE-SIMILARITY" Name="ALU_VHDL_incremental_reuse_pre_placed.rpt"/>
  <File Type="BG-BGN" Name="ALU_VHDL.bgn"/>
  <File Type="PLACE-TIMING" Name="ALU_VHDL_timing_summary_placed.rpt"/>
  <File Type="POSTPLACE-PWROPT-DCP" Name="ALU_VHDL_postplace_pwropt.dcp"/>
  <File Type="BG-BIN" Name="ALU_VHDL.bin"/>
  <File Type="POSTPLACE-PWROPT-TIMING" Name="ALU_VHDL_timing_summary_postplace_pwropted.rpt"/>
  <File Type="PHYSOPT-DCP" Name="ALU_VHDL_physopt.dcp"/>
  <File Type="PHYSOPT-DRC" Name="ALU_VHDL_drc_physopted.rpt"/>
  <File Type="BITSTR-MSK" Name="ALU_VHDL.msk"/>
  <File Type="PHYSOPT-TIMING" Name="ALU_VHDL_timing_summary_physopted.rpt"/>
  <File Type="ROUTE-ERROR-DCP" Name="ALU_VHDL_routed_error.dcp"/>
  <File Type="ROUTE-DCP" Name="ALU_VHDL_routed.dcp"/>
  <File Type="ROUTE-BLACKBOX-DCP" Name="ALU_VHDL_routed_bb.dcp"/>
  <File Type="ROUTE-DRC" Name="ALU_VHDL_drc_routed.rpt"/>
  <File Type="ROUTE-DRC-PB" Name="ALU_VHDL_drc_routed.pb"/>
  <File Type="BITSTR-LTX" Name="debug_nets.ltx"/>
  <File Type="BITSTR-LTX" Name="ALU_VHDL.ltx"/>
  <File Type="ROUTE-DRC-RPX" Name="ALU_VHDL_drc_routed.rpx"/>
  <File Type="BITSTR-MMI" Name="ALU_VHDL.mmi"/>
  <File Type="ROUTE-METHODOLOGY-DRC" Name="ALU_VHDL_methodology_drc_routed.rpt"/>
  <File Type="ROUTE-METHODOLOGY-DRC-RPX" Name="ALU_VHDL_methodology_drc_routed.rpx"/>
  <File Type="BITSTR-SYSDEF" Name="ALU_VHDL.sysdef"/>
  <File Type="ROUTE-METHODOLOGY-DRC-PB" Name="ALU_VHDL_methodology_drc_routed.pb"/>
  <File Type="ROUTE-PWR-RPX" Name="ALU_VHDL_power_routed.rpx"/>
  <File Type="ROUTE-STATUS" Name="ALU_VHDL_route_status.rpt"/>
  <File Type="ROUTE-STATUS-PB" Name="ALU_VHDL_route_status.pb"/>
  <File Type="ROUTE-TIMINGSUMMARY" Name="ALU_VHDL_timing_summary_routed.rpt"/>
  <File Type="ROUTE-TIMING-PB" Name="ALU_VHDL_timing_summary_routed.pb"/>
  <File Type="ROUTE-TIMING-RPX" Name="ALU_VHDL_timing_summary_routed.rpx"/>
  <File Type="ROUTE-SIMILARITY" Name="ALU_VHDL_incremental_reuse_routed.rpt"/>
  <File Type="ROUTE-CLK" Name="ALU_VHDL_clock_utilization_routed.rpt"/>
  <File Type="ROUTE-BUS-SKEW" Name="ALU_VHDL_bus_skew_routed.rpt"/>
  <File Type="ROUTE-BUS-SKEW-PB" Name="ALU_VHDL_bus_skew_routed.pb"/>
  <File Type="ROUTE-BUS-SKEW-RPX" Name="ALU_VHDL_bus_skew_routed.rpx"/>
  <File Type="POSTROUTE-PHYSOPT-DCP" Name="ALU_VHDL_postroute_physopt.dcp"/>
  <File Type="POSTROUTE-PHYSOPT-BLACKBOX-DCP" Name="ALU_VHDL_postroute_physopt_bb.dcp"/>
  <File Type="POSTROUTE-PHYSOPT-TIMING" Name="ALU_VHDL_timing_summary_postroute_physopted.rpt"/>
  <File Type="POSTROUTE-PHYSOPT-TIMING-PB" Name="ALU_VHDL_timing_summary_postroute_physopted.pb"/>
  <File Type="POSTROUTE-PHYSOPT-TIMING-RPX" Name="ALU_VHDL_timing_summary_postroute_physopted.rpx"/>
  <File Type="POSTROUTE-PHYSOPT-BUS-SKEW" Name="ALU_VHDL_bus_skew_postroute_physopted.rpt"/>
  <File Type="POSTROUTE-PHYSOPT-BUS-SKEW-PB" Name="ALU_VHDL_bus_skew_postroute_physopted.pb"/>
  <File Type="BG-BIT" Name="ALU_VHDL.bit"/>
  <File Type="POSTROUTE-PHYSOPT-BUS-SKEW-RPX" Name="ALU_VHDL_bus_skew_postroute_physopted.rpx"/>
  <File Type="BITSTR-RBT" Name="ALU_VHDL.rbt"/>
  <File Type="BITSTR-NKY" Name="ALU_VHDL.nky"/>
  <File Type="BG-DRC" Name="ALU_VHDL.drc"/>
  <File Type="RDI-RDI" Name="ALU_VHDL.vdi"/>
  <File Type="WBT-USG" Name="usage_statistics_webtalk.html"/>
  <FileSet Name="sources" Type="DesignSrcs" RelSrcDir="$PSRCDIR/sources_1">
    <Filter Type="Srcs"/>
    <File Path="$PSRCDIR/sources_1/new/ALU.vhd">
      <FileInfo>
        <Attr Name="UsedIn" Val="synthesis"/>
        <Attr Name="UsedIn" Val="simulation"/>
      </FileInfo>
    </File>
    <Config>
      <Option Name="DesignMode" Val="RTL"/>
      <Option Name="TopModule" Val="ALU_VHDL"/>
      <Option Name="TopAutoSet" Val="TRUE"/>
    </Config>
  </FileSet>
  <FileSet Name="constrs_in" Type="Constrs" RelSrcDir="$PSRCDIR/constrs_1">
    <Filter Type="Constrs"/>
    <Config>
      <Option Name="ConstrsType" Val="XDC"/>
    </Config>
  </FileSet>
  <FileSet Name="utils" Type="Utils" RelSrcDir="$PSRCDIR/utils_1">
    <Filter Type="Utils"/>
    <Config>
      <Option Name="TopAutoSet" Val="TRUE"/>
    </Config>
  </FileSet>
  <Strategy Version="1" Minor="2">
    <StratHandle Name="Vivado Implementation Defaults" Flow="Vivado Implementation 2019"/>
    <Step Id="init_design"/>
    <Step Id="opt_design"/>
    <Step Id="power_opt_design"/>
    <Step Id="place_design"/>
    <Step Id="post_place_power_opt_design"/>
    <Step Id="phys_opt_design"/>
    <Step Id="route_design"/>
    <Step Id="post_route_phys_opt_design"/>
    <Step Id="write_bitstream"/>
  </Strategy>
</GenRun>
