<?xml version="1.0" encoding="UTF-8"?>
<GenRun Id="synth_1" LaunchPart="xc7s100fgga676-2" LaunchTime="1683660687">
  <File Type="PA-TCL" Name="ALU_all_VHDL.tcl"/>
  <File Type="RDS-PROPCONSTRS" Name="ALU_all_VHDL_drc_synth.rpt"/>
  <File Type="REPORTS-TCL" Name="ALU_all_VHDL_reports.tcl"/>
  <File Type="RDS-RDS" Name="ALU_all_VHDL.vds"/>
  <File Type="RDS-UTIL" Name="ALU_all_VHDL_utilization_synth.rpt"/>
  <File Type="RDS-UTIL-PB" Name="ALU_all_VHDL_utilization_synth.pb"/>
  <File Type="RDS-DCP" Name="ALU_all_VHDL.dcp"/>
  <File Type="VDS-TIMINGSUMMARY" Name="ALU_all_VHDL_timing_summary_synth.rpt"/>
  <File Type="VDS-TIMING-PB" Name="ALU_all_VHDL_timing_summary_synth.pb"/>
  <FileSet Name="sources" Type="DesignSrcs" RelSrcDir="$PSRCDIR/sources_1">
    <Filter Type="Srcs"/>
    <File Path="$PSRCDIR/sources_1/imports/new/ALU_Control.vhd">
      <FileInfo>
        <Attr Name="ImportPath" Val="$PPRDIR/../../ALU_Control/ALU_Control/ALU_Control.srcs/sources_1/new/ALU_Control.vhd"/>
        <Attr Name="ImportTime" Val="1683642636"/>
        <Attr Name="UsedIn" Val="synthesis"/>
        <Attr Name="UsedIn" Val="simulation"/>
      </FileInfo>
    </File>
    <File Path="$PSRCDIR/sources_1/imports/new/Control_Unit.vhd">
      <FileInfo>
        <Attr Name="ImportPath" Val="$PPRDIR/../../Control_Unit/Control_Unit/Control_Unit.srcs/sources_1/new/Control_Unit.vhd"/>
        <Attr Name="ImportTime" Val="1683637951"/>
        <Attr Name="UsedIn" Val="synthesis"/>
        <Attr Name="UsedIn" Val="simulation"/>
      </FileInfo>
    </File>
    <File Path="$PSRCDIR/sources_1/new/ALU_all.vhd">
      <FileInfo>
        <Attr Name="UsedIn" Val="synthesis"/>
        <Attr Name="UsedIn" Val="simulation"/>
      </FileInfo>
    </File>
    <Config>
      <Option Name="DesignMode" Val="RTL"/>
      <Option Name="TopModule" Val="ALU_all_VHDL"/>
    </Config>
  </FileSet>
  <FileSet Name="constrs_in" Type="Constrs" RelSrcDir="$PSRCDIR/constrs_1">
    <Filter Type="Constrs"/>
    <Config>
      <Option Name="ConstrsType" Val="XDC"/>
    </Config>
  </FileSet>
  <FileSet Name="utils" Type="Utils" RelSrcDir="$PSRCDIR/utils_1">
    <Filter Type="Utils"/>
    <Config>
      <Option Name="TopAutoSet" Val="TRUE"/>
    </Config>
  </FileSet>
  <Strategy Version="1" Minor="2">
    <StratHandle Name="Vivado Synthesis Defaults" Flow="Vivado Synthesis 2019"/>
    <Step Id="synth_design"/>
  </Strategy>
</GenRun>
